{
  "min": [
    53.0,
    1e-09,
    1.0,
    1.0,
    66.0,
    66.0,
    66.0,
    54.0,
    60.0,
    0.0,
    66.0,
    54.0,
    60.0,
    0.0,
    66.0,
    1.0,
    0.0,
    0.0,
    0.0,
    0.0,
    0.0,
    0.0,
    0.0,
    0.0,
    0.0,
    0.0,
    0.0,
    0.0,
    0.0,
    0.0,
    0.0,
    0.0,
    0.0,
    0.0,
    54.0,
    54.0,
    1.0,
    1.0,
    54.0,
    66.0,
    60.0,
    0.0,
    0.0,
    0.0,
    0.0,
    0.0,
    0.0,
    0.0,
    0.0,
    0.0,
    0.0,
    0.0,
    60.0,
    60.0,
    60.0,
    60.0,
    60.0,
    60.0,
    60.0,
    60.0,
    60.0,
    60.0,
    60.0,
    60.0,
    60.0,
    60.0,
    60.0,
    60.0,
    60.0,
    60.0,
    60.0,
    60.0,
    60.0,
    60.0,
    60.0,
    60.0,
    60.0,
    60.0
  ],
  "max": [
    65106.0,
    2.1002137670980225,
    3.0,
    3.0,
    691.0,
    691.0,
    571.0,
    280.0,
    280.0,
    240.93752071624064,
    571.0,
    280.0,
    280.0,
    240.93752071624064,
    329.0141274308432,
    1.6748091055604986,
    1.3979053497314453,
    0.3477984666824341,
    1.3979053497314453,
    1.3979053497314453,
    1.3979053497314453,
    1.3979053497314453,
    1.3979053497314453,
    1.3979053497314453,
    1.3979053497314453,
    1.3979053497314453,
    1.3979053497314453,
    1.3979053497314453,
    1.3979053497314453,
    1.3979053497314453,
    1.0,
    1.0,
    0.0,
    0.0,
    571.0,
    571.0,
    1.6748091055604986,
    1.6748091055604986,
    280.0,
    571.0,
    280.0,
    240.93752071624064,
    0.0,
    0.0,
    0.0,
    1.0,
    0.0,
    1.0,
    1.0,
    0.0,
    0.0,
    0.0,
    280.0,
    280.0,
    280.0,
    280.0,
    280.0,
    280.0,
    280.0,
    280.0,
    280.0,
    280.0,
    280.0,
    280.0,
    280.0,
    280.0,
    280.0,
    280.0,
    280.0,
    280.0,
    280.0,
    280.0,
    280.0,
    280.0,
    280.0,
    280.0,
    280.0,
    280.0
  ]
}